
    {
        "name": "1080x2400",
        "w": 1080,
        "h": 2400,
          "coordinate": {
                "返回": {
                    "x": 200,
                    "y": 55
                },
                "主页面": {
                    "x": 400,
                    "y": 55
                },
                "手册图标位置": {
                    "x": 600,
                    "y": 150
                }
            },
            "宿舍": {
                "宿舍房间位置": [],
                "快捷头像位置": [
                    {
                        "name": "小人1",
                        "x": 2220,
                        "y": 435
                    },
                    {
                        "name": "小人2",
                        "x": 2220,
                        "y": 590
                    },
                    {
                        "name": "小人3",
                        "x": 2220,
                        "y": 740
                    }
                ]
           },

            "combat": {
                "攻击键": {
                    "x": 1980,
                    "y": 960
                },
                "信号球1": {
                    "x": 2220,
                    "y": 760
                },
                "信号球2": {
                    "x": 2060,
                    "y": 760
                }
            }
    }
