
    {
        "name": "1080x2160",
        "w": 1080,
        "h": 2160,
          "coordinate": {
                "返回": {
                    "x": 200,
                    "y": 65
                },
                "主页面": {
                    "x": 400,
                    "y": 65
                },
                "手册图标位置": {
                    "x": 525,
                    "y": 150
                }
            },
            "宿舍": {
                "宿舍房间位置": [],
                "快捷头像位置": [
                    {
                        "name": "小人1",
                        "x": 2060,
                        "y": 430
                    },
                    {
                        "name": "小人2",
                        "x": 2060,
                        "y": 590
                    },
                    {
                        "name": "小人3",
                        "x": 2060,
                        "y": 740
                    }
                ]
              
        
            },
            "combat": {
                "攻击键": {
                    "x": 1820,
                    "y": 960
                },
                "信号球1": {
                    "x": 2070,
                    "y": 760
                },
                "信号球2": {
                    "x": 1910,
                    "y": 760
                }
            }
    }
