
    {
        "name": "1600x2560",
        "w": 1600,
        "h": 2560,
          "coordinate": {
                "返回": {
                    "x": 100,
                    "y": 30
                },
                "主页面": {
                    "x": 365,
                    "y": 30
                },
                "手册图标位置": {
                    "x": 620,
                    "y": 235
                }
            },
            "宿舍": {
                "宿舍房间位置": [],
                "快捷头像位置": [
                    {
                        "name": "小人1",
                        "x": 2330,
                        "y": 490
                    },
                    {
                        "name": "小人2",
                        "x": 2330,
                        "y": 690
                    },
                    {
                        "name": "小人3",
                        "x": 2330,
                        "y": 890
                    }
                ]
           },

            "combat": {
                "攻击键": {
                    "x": 2260,
                    "y": 1300
                },
                "信号球1": {
                    "x": 2330,
                    "y": 1100
                },
                "信号球2": {
                    "x": 2110,
                    "y": 1100
                }
            }
    }
