[
	{
		"name": "Lancet-2",
		"type": "医疗",
		"level": 1,
		"sex": "女",
		"tags": ["远程位", "治疗", "支援机械"]
	},
	{
		"name": "Castle-3",
		"type": "近卫",
		"level": 1,
		"sex": "男",
		"tags": ["近战位", "支援", "支援机械"]
	},
	{
		"name": "THRM-EX",
		"type": "特种",
		"level": 1,
		"sex": "男",
		"tags": ["近战位", "支援机械", "爆发"]
	},
	{
		"name": "正义骑士号",
		"type": "狙击",
		"level": 1,
		"sex": "女",
		"tags": ["远程位", "支援机械", "支援"]
	},
	{
		"name": "夜刀",
		"type": "先锋",
		"level": 2,
		"sex": "女",
		"tags": ["近战位", "新手"]
	},
	{
		"name": "杜林",
		"type": "术师",
		"level": 2,
		"sex": "女",
		"tags": ["远程位", "新手"]
	},
	{
		"name": "12F",
		"type": "术师",
		"level": 2,
		"sex": "男",
		"tags": ["远程位", "新手"]
	},
	{
		"name": "巡林者",
		"type": "狙击",
		"level": 2,
		"sex": "男",
		"tags": ["远程位", "新手"]
	},
	{
		"name": "黑角",
		"type": "重装",
		"level": 2,
		"sex": "男",
		"tags": ["近战位", "新手"]
	},
	{
		"name": "芬",
		"type": "先锋",
		"level": 3,
		"sex": "女",
		"tags": ["近战位", "费用回复"]
	},
	{
		"name": "香草",
		"type": "先锋",
		"level": 3,
		"sex": "女",
		"tags": ["近战位", "费用回复"]
	},
	{
		"name": "翎羽",
		"type": "先锋",
		"level": 3,
		"sex": "女",
		"tags": ["近战位", "输出", "费用回复"]
	},
	{
		"name": "芙蓉",
		"type": "医疗",
		"level": 3,
		"sex": "女",
		"tags": ["远程位", "治疗"]
	},
	{
		"name": "安赛尔",
		"type": "医疗",
		"level": 3,
		"sex": "男",
		"tags": ["远程位", "治疗"]
	},
	{
		"name": "炎熔",
		"type": "术师",
		"level": 3,
		"sex": "女",
		"tags": ["远程位", "群攻"]
	},
	{
		"name": "史都华德",
		"type": "术师",
		"level": 3,
		"sex": "男",
		"tags": ["远程位", "输出"]
	},
	{
		"name": "克洛丝",
		"type": "狙击",
		"level": 3,
		"sex": "女",
		"tags": ["远程位", "输出"]
	},
	{
		"name": "安德切尔",
		"type": "狙击",
		"level": 3,
		"sex": "男",
		"tags": ["远程位", "输出"]
	},
	{
		"name": "梓兰",
		"type": "辅助",
		"level": 3,
		"sex": "女",
		"tags": ["远程位", "减速"]
	},
	{
		"name": "玫兰莎",
		"type": "近卫",
		"level": 3,
		"sex": "女",
		"tags": ["近战位", "输出", "生存"]
	},
	{
		"name": "米格鲁",
		"type": "重装",
		"level": 3,
		"sex": "女",
		"tags": ["近战位", "防护"]
	},
	{
		"name": "月见夜",
		"type": "近卫",
		"level": 3,
		"sex": "男",
		"tags": ["近战位", "输出"]
	},
	{
		"name": "空爆",
		"type": "狙击",
		"level": 3,
		"sex": "女",
		"tags": ["远程位", "群攻"]
	},
	{
		"name": "泡普卡",
		"type": "近卫",
		"level": 3,
		"sex": "女",
		"tags": ["近战位", "群攻", "生存"]
	},
	{
		"name": "斑点",
		"type": "重装",
		"level": 3,
		"sex": "男",
		"tags": ["近战位", "防护", "治疗"]
	},
	{
		"name": "清道夫",
		"type": "先锋",
		"level": 4,
		"sex": "女",
		"tags": ["近战位", "费用回复", "输出"]
	},
	{
		"name": "红豆",
		"type": "先锋",
		"level": 4,
		"sex": "女",
		"tags": ["近战位", "输出", "费用回复"]
	},
	{
		"name": "末药",
		"type": "医疗",
		"level": 4,
		"sex": "女",
		"tags": ["远程位", "治疗"]
	},
	{
		"name": "调香师",
		"type": "医疗",
		"level": 4,
		"sex": "女",
		"tags": ["远程位", "治疗"]
	},
	{
		"name": "夜烟",
		"type": "术师",
		"level": 4,
		"sex": "女",
		"tags": ["削弱", "远程位", "输出"]
	},
	{
		"name": "远山",
		"type": "术师",
		"level": 4,
		"sex": "女",
		"tags": ["远程位", "群攻"]
	},
	{
		"name": "砾",
		"type": "特种",
		"level": 4,
		"sex": "女",
		"tags": ["近战位", "快速复活", "防护"]
	},
	{
		"name": "暗索",
		"type": "特种",
		"level": 4,
		"sex": "女",
		"tags": ["近战位", "位移"]
	},
	{
		"name": "阿消",
		"type": "特种",
		"level": 4,
		"sex": "女",
		"tags": ["近战位", "位移"]
	},
	{
		"name": "白雪",
		"type": "狙击",
		"level": 4,
		"sex": "女",
		"tags": ["远程位", "群攻", "减速"]
	},
	{
		"name": "流星",
		"type": "狙击",
		"level": 4,
		"sex": "女",
		"tags": ["远程位", "输出", "削弱"]
	},
	{
		"name": "杰西卡",
		"type": "狙击",
		"level": 4,
		"sex": "女",
		"tags": ["远程位", "输出", "生存"]
	},
	{
		"name": "地灵",
		"type": "辅助",
		"level": 4,
		"sex": "女",
		"tags": ["远程位", "减速"]
	},
	{
		"name": "刻刀",
		"type": "近卫",
		"level": 4,
		"sex": "女",
		"tags": ["近战位","输出","爆发"]
	},
	{
		"name": "杜宾",
		"type": "近卫",
		"level": 4,
		"sex": "女",
		"tags": ["近战位", "支援", "输出"]
	},
	{
		"name": "艾丝黛尔",
		"type": "近卫",
		"level": 4,
		"sex": "女",
		"tags": ["近战位", "群攻", "生存"]
	},
	{
		"name": "慕斯",
		"type": "近卫",
		"level": 4,
		"sex": "女",
		"tags": ["近战位", "输出"]
	},
	{
		"name": "霜叶",
		"type": "近卫",
		"level": 4,
		"sex": "女",
		"tags": ["近战位", "减速", "输出"]
	},
	{
		"name": "缠丸",
		"type": "近卫",
		"level": 4,
		"sex": "女",
		"tags": ["输出", "近战位", "生存"]
	},
	{
		"name": "蛇屠箱",
		"type": "重装",
		"level": 4,
		"sex": "女",
		"tags": ["近战位", "防护"]
	},
	{
		"name": "古米",
		"type": "重装",
		"level": 4,
		"sex": "女",
		"tags": ["近战位", "防护", "治疗"]
	},
	{
		"name": "角峰",
		"type": "重装",
		"level": 4,
		"sex": "男",
		"tags": ["近战位", "防护"]
	},
	{
		"name": "猎蜂",
		"type": "近卫",
		"level": 4,
		"sex": "女",
		"tags": ["近战位", "输出"]
	},
	{
		"name": "格雷伊",
		"type": "术师",
		"level": 4,
		"sex": "男",
		"tags": ["远程位", "群攻", "减速"]
	},
	{
		"name": "苏苏洛",
		"type": "医疗",
		"level": 4,
		"sex": "女",
		"tags": ["远程位", "治疗"]
	},
	{
		"name": "桃金娘",
		"type": "先锋",
		"level": 4,
		"sex": "女",
		"tags": ["近战位", "治疗", "费用回复"]
	},
	{
		"name": "红云",
		"type": "狙击",
		"level": 4,
		"sex": "女",
		"tags": ["远程位", "输出"]
	},
	{
		"name": "清流",
		"type": "医疗",
		"level": 4,
		"sex": "女",
		"tags": ["远程位", "治疗", "支援"]
	},
	{
		"name": "梅",
		"type": "狙击",
		"level": 4,
		"sex": "女",
		"tags": ["远程位", "输出", "减速"]
	},
	{
		"name": "安比尔",
		"type": "狙击",
		"level": 4,
		"sex": "女",
		"tags": ["远程位", "输出", "减速"]
	},
	{
		"name": "宴",
		"type": "近卫",
		"level": 4,
		"sex": "女",
		"tags": ["近战位", "输出", "生存"]
	},
	{
		"name": "德克萨斯",
		"type": "先锋",
		"level": 5,
		"sex": "女",
		"tags": ["控场", "近战位", "费用回复", "资深干员"]
	},
	{
		"name": "凛冬",
		"type": "先锋",
		"level": 5,
		"sex": "女",
		"tags": ["支援", "近战位", "费用回复", "资深干员"]
	},
	{
		"name": "白面鸮",
		"type": "医疗",
		"level": 5,
		"sex": "女",
		"tags": ["远程位", "治疗", "支援", "资深干员"]
	},
	{
		"name": "赫默",
		"type": "医疗",
		"level": 5,
		"sex": "女",
		"tags": ["远程位", "治疗", "资深干员"]
	},
	{
		"name": "华法琳",
		"type": "医疗",
		"level": 5,
		"sex": "女",
		"tags": ["远程位", "治疗", "支援", "资深干员"]
	},
	{
		"name": "红",
		"type": "特种",
		"level": 5,
		"sex": "女",
		"tags": ["近战位", "控场", "快速复活", "资深干员"]
	},
	{
		"name": "狮蝎",
		"type": "特种",
		"level": 5,
		"sex": "女",
		"tags": ["生存", "近战位", "输出", "资深干员"]
	},
	{
		"name": "崖心",
		"type": "特种",
		"level": 5,
		"sex": "女",
		"tags": ["输出", "近战位", "位移", "资深干员"]
	},
	{
		"name": "食铁兽",
		"type": "特种",
		"level": 5,
		"sex": "女",
		"tags": ["减速", "近战位", "位移", "资深干员"]
	},
	{
		"name": "普罗旺斯",
		"type": "狙击",
		"level": 5,
		"sex": "女",
		"tags": ["远程位", "输出", "资深干员"]
	},
	{
		"name": "蓝毒",
		"type": "狙击",
		"level": 5,
		"sex": "女",
		"tags": ["远程位", "输出", "资深干员"]
	},
	{
		"name": "守林人",
		"type": "狙击",
		"level": 5,
		"sex": "女",
		"tags": ["远程位", "输出", "爆发", "资深干员"]
	},
	{
		"name": "陨星",
		"type": "狙击",
		"level": 5,
		"sex": "女",
		"tags": ["远程位", "群攻", "削弱", "资深干员"]
	},
	{
		"name": "白金",
		"type": "狙击",
		"level": 5,
		"sex": "女",
		"tags": ["远程位", "输出", "资深干员"]
	},
	{
		"name": "初雪",
		"type": "辅助",
		"level": 5,
		"sex": "女",
		"tags": ["远程位", "削弱", "资深干员"]
	},
	{
		"name": "真理",
		"type": "辅助",
		"level": 5,
		"sex": "女",
		"tags": ["远程位", "减速", "输出", "资深干员"]
	},
	{
		"name": "梅尔",
		"type": "辅助",
		"level": 5,
		"sex": "女",
		"tags": ["远程位", "召唤", "控场", "资深干员"]
	},
	{
		"name": "幽灵鲨",
		"type": "近卫",
		"level": 5,
		"sex": "女",
		"tags": ["近战位", "群攻", "生存", "资深干员"]
	},
	{
		"name": "因陀罗",
		"type": "近卫",
		"level": 5,
		"sex": "女",
		"tags": ["近战位", "输出", "生存", "资深干员"]
	},
	{
		"name": "临光",
		"type": "重装",
		"level": 5,
		"sex": "女",
		"tags": ["近战位", "防护", "治疗", "资深干员"]
	},
	{
		"name": "雷蛇",
		"type": "重装",
		"level": 5,
		"sex": "女",
		"tags": ["近战位", "防护", "输出", "资深干员"]
	},
	{
		"name": "火神",
		"type": "重装",
		"level": 5,
		"sex": "女",
		"tags": ["近战位", "输出", "防护", "生存", "资深干员"]
	},
	{
		"name": "可颂",
		"type": "重装",
		"level": 5,
		"sex": "女",
		"tags": ["近战位", "位移", "防护", "资深干员"]
	},
	{
		"name": "夜魔",
		"type": "术师",
		"level": 5,
		"sex": "女",
		"tags": ["远程位", "输出", "治疗", "减速", "资深干员"]
	},
	{
		"name": "诗怀雅",
		"type": "近卫",
		"level": 5,
		"sex": "女",
		"tags": ["近战位", "输出", "支援", "资深干员"]
	},
	{
		"name": "格劳克斯",
		"type": "辅助",
		"level": 5,
		"sex": "女",
		"tags": ["远程位", "减速", "控场", "资深干员"]
	},
	{
		"name": "星极",
		"type": "近卫",
		"level": 5,
		"sex": "女",
		"tags": ["近战位", "输出", "防护", "资深干员"]
	},
	{
		"name": "送葬人",
		"type": "狙击",
		"level": 5,
		"sex": "男",
		"tags": ["远程位", "群攻", "资深干员"]
	},
	{
		"name": "槐琥",
		"type": "特种",
		"level": 5,
		"sex": "女",
		"tags": ["近战位", "快速复活", "削弱", "资深干员"]
	},
	{
		"name": "灰喉",
		"type": "狙击",
		"level": 5,
		"sex": "女",
		"tags": ["远程位", "输出", "资深干员"]
	},
	{
		"name": "苇草",
		"type": "先锋",
		"level": 5,
		"sex": "女",
		"tags": ["近战位", "费用回复", "输出", "资深干员"]
	},
	{
		"name": "布洛卡",
		"type": "近卫",
		"level": 5,
		"sex": "男",
		"tags": ["近战位", "群攻", "生存", "资深干员"]
	},
	{
		"name": "吽",
		"type": "重装",
		"level": 5,
		"sex": "男",
		"tags": ["近战位", "防护", "治疗", "资深干员"]
	},
	{
		"name": "惊蛰",
		"type": "术师",
		"level": 5,
		"sex": "女",
		"tags": ["远程位", "输出", "资深干员"]
	},
	{
		"name": "慑沙",
		"type": "狙击",
		"level": 5,
		"sex": "男",
		"tags": ["远程位", "群攻", "削弱", "资深干员"]
	},
	{
		"name": "推进之王",
		"type": "先锋",
		"level": 6,
		"sex": "女",
		"tags": ["近战位", "费用回复", "输出", "高级资深干员"]
	},
	{
		"name": "风笛",
		"type": "先锋",
		"level": 6,
		"sex": "女",
		"tags": ["近战位", "费用回复", "输出", "高级资深干员"]
	},
	{
		"name": "闪灵",
		"type": "医疗",
		"level": 6,
		"sex": "女",
		"tags": ["远程位", "支援", "治疗", "高级资深干员"]
	},
	{
		"name": "夜莺",
		"type": "医疗",
		"level": 6,
		"sex": "女",
		"tags": ["远程位", "治疗", "支援", "高级资深干员"]
	},
	{
		"name": "伊芙利特",
		"type": "术师",
		"level": 6,
		"sex": "女",
		"tags": ["远程位", "群攻", "削弱", "高级资深干员"]
	},
	{
		"name": "莫斯提马",
		"type": "术师",
		"level": 6,
		"sex": "女",
		"tags": ["远程位", "群攻", "支援", "控场", "高级资深干员"]
	},
	{
		"name": "刻俄柏",
		"type": "术师",
		"level": 6,
		"sex": "女",
		"tags": ["远程位", "输出", "控场", "高级资深干员"]
	},
	{
		"name": "能天使",
		"type": "狙击",
		"level": 6,
		"sex": "女",
		"tags": ["远程位", "输出", "高级资深干员"]
	},
	{
		"name": "黑",
		"type": "狙击",
		"level": 6,
		"sex": "女",
		"tags": ["远程位", "输出", "高级资深干员"]
	},
	{
		"name": "星熊",
		"type": "重装",
		"level": 6,
		"sex": "女",
		"tags": ["近战位", "输出", "防护", "高级资深干员"]
	},
	{
		"name": "塞雷娅",
		"type": "重装",
		"level": 6,
		"sex": "女",
		"tags": ["近战位", "支援", "防护", "治疗", "高级资深干员"]
	},
		{
		"name": "银灰",
		"type": "近卫",
		"level": 6,
		"sex": "男",
		"tags": ["近战位", "输出", "支援", "高级资深干员"]
	},
	{
		"name": "斯卡蒂",
		"type": "近卫",
		"level": 6,
		"sex": "女",
		"tags": ["近战位", "输出", "生存", "高级资深干员"]
	},
	{
		"name": "陈",
		"type": "近卫",
		"level": 6,
		"sex": "女",
		"tags": ["近战位", "输出", "爆发", "高级资深干员"]
	},
	{
		"name": "赫拉格",
		"type": "近卫",
		"level": 6,
		"sex": "男",
		"tags": ["近战位", "输出", "生存", "高级资深干员"]
	},
	{
		"name": "煌",
		"type": "近卫",
		"level": 6,
		"sex": "女",
		"tags": ["近战位", "输出", "生存", "高级资深干员"]
	},
	{
		"name": "麦哲伦",
		"type": "辅助",
		"level": 6,
		"sex": "女",
		"tags": ["远程位", "支援", "减速", "输出", "高级资深干员"]
	},
	{
		"name": "阿",
		"type": "特种",
		"level": 6,
		"sex": "男",
		"tags": ["远程位", "特种", "支援", "输出", "高级资深干员"]
	},
	{
		"name": "傀影",
		"type": "特种",
		"level": 6,
		"sex": "男",
		"tags": ["近战位", "特种", "控场","快速复活", "输出", "高级资深干员"]
	},
	{
		"name": "温蒂",
		"type": "特种",
		"level": 6,
		"sex": "女",
		"tags": ["近战位", "特种", "控场","位移", "输出", "高级资深干员"]
	}
]